"","from","to"
"1",1,30
"2",1,63
"3",1,78
"4",1,83
"5",1,97
"6",1,120
"7",1,125
"8",1,130
"9",1,144
"10",1,157
"11",1,174
"12",1,185
"13",1,196
"14",1,210
"15",1,240
"16",1,274
"17",1,293
"18",1,305
"19",1,318
"20",1,328
"21",1,333
"22",1,342
"23",1,361
"24",2,7
"25",2,39
"26",2,74
"27",2,75
"28",2,104
"29",2,116
"30",2,148
"31",2,149
"32",2,182
"33",2,200
"34",2,201
"35",2,221
"36",2,223
"37",2,235
"38",2,239
"39",2,274
"40",2,283
"41",2,286
"42",2,291
"43",2,343
"44",2,347
"45",2,362
"46",2,366
"47",2,372
"48",2,380
"49",2,410
"50",3,6
"51",3,14
"52",3,28
"53",3,57
"54",3,96
"55",3,109
"56",3,110
"57",3,128
"58",3,129
"59",3,157
"60",3,163
"61",3,172
"62",3,197
"63",3,229
"64",3,236
"65",3,241
"66",3,245
"67",3,249
"68",3,273
"69",3,287
"70",3,307
"71",3,333
"72",3,398
"73",4,76
"74",4,159
"75",4,252
"76",4,290
"77",4,302
"78",4,381
"79",4,393
"80",5,9
"81",5,14
"82",5,21
"83",5,30
"84",5,58
"85",5,78
"86",5,85
"87",5,97
"88",5,144
"89",5,157
"90",5,173
"91",5,233
"92",5,240
"93",5,273
"94",5,318
"95",5,333
"96",5,335
"97",5,337
"98",5,342
"99",6,22
"100",6,96
"101",6,188
"102",6,214
"103",6,236
"104",6,265
"105",6,363
"106",7,12
"107",7,51
"108",7,104
"109",7,116
"110",7,148
"111",7,149
"112",7,183
"113",7,186
"114",7,193
"115",7,200
"116",7,216
"117",7,223
"118",7,226
"119",7,227
"120",7,270
"121",7,282
"122",7,286
"123",7,304
"124",7,366
"125",7,372
"126",8,11
"127",8,43
"128",8,49
"129",8,60
"130",8,63
"131",8,94
"132",8,162
"133",8,178
"134",8,195
"135",8,208
"136",8,217
"137",8,222
"138",8,271
"139",8,275
"140",8,278
"141",8,320
"142",8,370
"143",8,372
"144",9,13
"145",9,29
"146",9,37
"147",9,41
"148",9,54
"149",9,61
"150",9,64
"151",9,90
"152",9,126
"153",9,128
"154",9,157
"155",9,163
"156",9,173
"157",9,179
"158",9,225
"159",9,233
"160",9,236
"161",9,258
"162",9,263
"163",9,273
"164",9,277
"165",9,287
"166",9,318
"167",9,335
"168",9,349
"169",9,377
"170",9,386
"171",9,402
"172",10,62
"173",10,92
"174",10,385
"175",11,43
"176",11,49
"177",11,162
"178",11,178
"179",11,195
"180",11,208
"181",11,217
"182",11,222
"183",11,228
"184",11,243
"185",11,271
"186",11,278
"187",11,297
"188",11,320
"189",11,347
"190",11,372
"191",11,392
"192",12,51
"193",12,104
"194",12,116
"195",12,148
"196",12,183
"197",12,193
"198",12,216
"199",12,223
"200",12,226
"201",12,270
"202",12,282
"203",12,362
"204",12,366
"205",12,372
"206",12,380
"207",12,410
"208",13,29
"209",13,37
"210",13,54
"211",13,61
"212",13,64
"213",13,90
"214",13,126
"215",13,155
"216",13,163
"217",13,188
"218",13,196
"219",13,225
"220",13,236
"221",13,273
"222",13,277
"223",13,296
"224",13,335
"225",13,342
"226",13,349
"227",13,377
"228",13,402
"229",14,37
"230",14,41
"231",14,54
"232",14,90
"233",14,129
"234",14,139
"235",14,172
"236",14,225
"237",14,241
"238",14,258
"239",14,262
"240",14,301
"241",14,307
"242",14,319
"243",14,342
"244",14,398
"245",14,401
"246",15,32
"247",15,72
"248",15,118
"249",15,134
"250",16,31
"251",16,76
"252",16,99
"253",16,151
"254",16,165
"255",16,176
"256",16,204
"257",16,218
"258",16,232
"259",16,242
"260",16,244
"261",16,336
"262",16,356
"263",16,359
"264",17,56
"265",17,133
"266",17,152
"267",17,279
"268",17,282
"269",17,330
"270",17,381
"271",17,399
"272",18,40
"273",18,59
"274",18,212
"275",18,243
"276",18,256
"277",18,304
"278",18,384
"279",19,146
"280",19,257
"281",19,262
"282",19,385
"283",20,73
"284",20,98
"285",20,145
"286",20,174
"287",20,275
"288",20,292
"289",20,376
"290",21,58
"291",21,73
"292",21,78
"293",21,85
"294",21,97
"295",21,105
"296",21,144
"297",21,150
"298",21,157
"299",21,173
"300",21,174
"301",21,206
"302",21,229
"303",21,277
"304",21,293
"305",21,318
"306",21,337
"307",21,342
"308",21,364
"309",21,369
"310",22,71
"311",22,87
"312",22,92
"313",22,96
"314",22,100
"315",22,110
"316",22,146
"317",22,157
"318",22,179
"319",22,188
"320",22,236
"321",22,249
"322",22,250
"323",22,257
"324",22,262
"325",22,398
"326",23,60
"327",23,125
"328",23,185
"329",23,205
"330",23,231
"331",23,300
"332",24,277
"333",25,35
"334",25,79
"335",25,124
"336",25,156
"337",25,276
"338",25,298
"339",25,378
"340",26,76
"341",26,82
"342",26,166
"343",26,212
"344",26,243
"345",26,279
"346",26,383
"347",26,390
"348",27,30
"349",28,37
"350",28,57
"351",28,86
"352",28,90
"353",28,96
"354",28,110
"355",28,172
"356",28,197
"357",28,229
"358",28,262
"359",28,307
"360",28,312
"361",28,333
"362",29,37
"363",29,54
"364",29,61
"365",29,64
"366",29,90
"367",29,126
"368",29,155
"369",29,163
"370",29,225
"371",29,277
"372",29,335
"373",29,349
"374",29,377
"375",29,398
"376",29,402
"377",30,38
"378",30,97
"379",30,105
"380",30,132
"381",30,135
"382",30,144
"383",30,150
"384",30,196
"385",30,233
"386",30,240
"387",30,243
"388",30,274
"389",30,285
"390",30,293
"391",30,297
"392",30,318
"393",30,322
"394",30,326
"395",30,337
"396",30,342
"397",30,364
"398",30,400
"399",31,165
"400",31,176
"401",31,218
"402",31,232
"403",31,242
"404",31,336
"405",31,359
"406",33,40
"407",33,152
"408",33,204
"409",33,252
"410",33,253
"411",33,310
"412",34,43
"413",34,45
"414",34,63
"415",34,121
"416",34,271
"417",34,275
"418",34,347
"419",34,372
"420",35,50
"421",35,55
"422",35,57
"423",35,79
"424",35,100
"425",35,124
"426",35,156
"427",35,276
"428",35,298
"429",35,334
"430",35,378
"431",35,387
"432",35,389
"433",36,63
"434",36,73
"435",36,114
"436",36,125
"437",36,150
"438",36,205
"439",36,219
"440",36,261
"441",36,305
"442",36,326
"443",36,333
"444",36,337
"445",36,358
"446",36,408
"447",37,54
"448",37,64
"449",37,90
"450",37,126
"451",37,150
"452",37,155
"453",37,163
"454",37,225
"455",37,273
"456",37,277
"457",37,296
"458",37,335
"459",37,349
"460",37,369
"461",37,402
"462",38,83
"463",38,132
"464",38,150
"465",38,157
"466",38,169
"467",38,240
"468",38,259
"469",38,274
"470",38,285
"471",38,297
"472",38,326
"473",38,358
"474",39,51
"475",39,74
"476",39,75
"477",39,104
"478",39,116
"479",39,149
"480",39,182
"481",39,200
"482",39,201
"483",39,227
"484",39,235
"485",39,239
"486",39,270
"487",39,274
"488",39,283
"489",39,286
"490",39,291
"491",39,343
"492",39,351
"493",39,362
"494",39,380
"495",39,410
"496",40,68
"497",40,80
"498",40,82
"499",40,118
"500",40,137
"501",40,138
"502",40,166
"503",40,176
"504",40,212
"505",40,230
"506",40,254
"507",40,289
"508",40,325
"509",40,346
"510",40,383
"511",40,394
"512",40,395
"513",40,406
"514",41,58
"515",41,207
"516",41,281
"517",41,293
"518",41,377
"519",42,157
"520",42,179
"521",42,190
"522",42,264
"523",42,334
"524",42,373
"525",42,389
"526",43,49
"527",43,60
"528",43,67
"529",43,81
"530",43,94
"531",43,121
"532",43,135
"533",43,154
"534",43,162
"535",43,178
"536",43,184
"537",43,208
"538",43,217
"539",43,222
"540",43,228
"541",43,251
"542",43,255
"543",43,271
"544",43,278
"545",43,320
"546",43,357
"547",43,370
"548",43,372
"549",44,78
"550",44,157
"551",44,191
"552",44,206
"553",44,233
"554",44,240
"555",44,333
"556",44,369
"557",45,122
"558",45,142
"559",45,223
"560",45,246
"561",45,372
"562",45,404
"563",45,405
"564",46,68
"565",46,76
"566",46,113
"567",46,159
"568",46,176
"569",46,187
"570",46,218
"571",46,252
"572",46,253
"573",46,290
"574",46,302
"575",46,304
"576",46,310
"577",46,344
"578",46,374
"579",46,406
"580",47,111
"581",47,120
"582",47,147
"583",47,168
"584",47,177
"585",47,180
"586",47,189
"587",47,210
"588",47,213
"589",47,237
"590",47,266
"591",47,314
"592",47,323
"593",48,119
"594",48,209
"595",48,211
"596",49,157
"597",49,162
"598",49,208
"599",49,217
"600",49,222
"601",49,255
"602",49,271
"603",49,278
"604",49,365
"605",49,370
"606",49,372
"607",50,55
"608",50,65
"609",50,79
"610",50,124
"611",50,156
"612",50,209
"613",50,224
"614",50,276
"615",50,295
"616",50,298
"617",50,334
"618",50,350
"619",50,378
"620",50,387
"621",50,389
"622",51,75
"623",51,116
"624",51,148
"625",51,182
"626",51,183
"627",51,193
"628",51,216
"629",51,223
"630",51,226
"631",51,235
"632",51,239
"633",51,270
"634",51,282
"635",51,283
"636",51,286
"637",51,291
"638",51,355
"639",51,366
"640",51,372
"641",51,397
"642",51,410
"643",52,98
"644",52,112
"645",52,127
"646",52,175
"647",52,275
"648",52,339
"649",52,347
"650",52,365
"651",52,366
"652",53,60
"653",53,91
"654",53,114
"655",53,120
"656",53,125
"657",53,140
"658",53,185
"659",53,205
"660",53,300
"661",53,305
"662",53,388
"663",53,408
"664",54,64
"665",54,90
"666",54,126
"667",54,155
"668",54,163
"669",54,196
"670",54,214
"671",54,225
"672",54,273
"673",54,277
"674",54,285
"675",54,296
"676",54,335
"677",54,377
"678",55,79
"679",55,124
"680",55,236
"681",55,334
"682",55,350
"683",56,82
"684",56,89
"685",56,133
"686",56,152
"687",56,256
"688",56,279
"689",56,330
"690",56,346
"691",56,383
"692",56,384
"693",56,399
"694",57,65
"695",57,79
"696",57,110
"697",57,197
"698",57,215
"699",57,236
"700",57,287
"701",57,295
"702",57,298
"703",57,334
"704",58,78
"705",58,85
"706",58,97
"707",58,105
"708",58,144
"709",58,150
"710",58,173
"711",58,206
"712",58,233
"713",58,293
"714",58,318
"715",58,342
"716",58,364
"717",58,369
"718",59,127
"719",59,158
"720",59,269
"721",59,331
"722",59,343
"723",59,410
"724",60,83
"725",60,91
"726",60,114
"727",60,120
"728",60,125
"729",60,130
"730",60,140
"731",60,147
"732",60,162
"733",60,180
"734",60,185
"735",60,205
"736",60,210
"737",60,213
"738",60,222
"739",60,231
"740",60,237
"741",60,245
"742",60,266
"743",60,278
"744",60,288
"745",60,300
"746",60,305
"747",60,314
"748",60,315
"749",60,323
"750",60,348
"751",60,388
"752",60,408
"753",61,64
"754",61,126
"755",61,155
"756",61,225
"757",61,263
"758",61,273
"759",61,277
"760",61,335
"761",61,349
"762",61,350
"763",61,377
"764",61,402
"765",62,139
"766",62,312
"767",62,398
"768",63,67
"769",63,94
"770",63,121
"771",63,148
"772",63,154
"773",63,162
"774",63,178
"775",63,181
"776",63,192
"777",63,228
"778",63,255
"779",63,271
"780",63,305
"781",63,328
"782",63,347
"783",63,354
"784",63,357
"785",64,90
"786",64,163
"787",64,225
"788",64,273
"789",64,277
"790",64,335
"791",64,337
"792",65,79
"793",65,215
"794",65,224
"795",65,295
"796",66,70
"797",66,84
"798",66,131
"799",66,186
"800",66,221
"801",66,227
"802",66,304
"803",66,306
"804",66,311
"805",66,321
"806",66,404
"807",67,94
"808",67,121
"809",67,148
"810",67,154
"811",67,162
"812",67,170
"813",67,178
"814",67,192
"815",67,217
"816",67,222
"817",67,228
"818",67,255
"819",67,271
"820",67,278
"821",67,305
"822",67,328
"823",67,354
"824",67,357
"825",67,370
"826",67,372
"827",68,99
"828",68,106
"829",68,113
"830",68,117
"831",68,118
"832",68,176
"833",68,212
"834",68,218
"835",68,232
"836",68,302
"837",68,336
"838",68,356
"839",68,367
"840",68,375
"841",69,98
"842",69,102
"843",69,169
"844",69,217
"845",69,220
"846",69,234
"847",69,243
"848",69,278
"849",69,284
"850",69,315
"851",69,365
"852",70,153
"853",70,316
"854",70,321
"855",71,132
"856",71,157
"857",71,229
"858",71,241
"859",71,326
"860",72,106
"861",72,108
"862",72,118
"863",72,212
"864",72,230
"865",72,244
"866",72,254
"867",72,332
"868",72,352
"869",72,356
"870",72,367
"871",73,102
"872",73,145
"873",73,174
"874",73,208
"875",73,217
"876",73,251
"877",73,274
"878",73,275
"879",73,278
"880",73,292
"881",73,314
"882",73,315
"883",73,341
"884",73,361
"885",73,370
"886",73,372
"887",74,116
"888",74,136
"889",74,149
"890",74,182
"891",74,193
"892",74,201
"893",74,235
"894",74,239
"895",74,270
"896",74,282
"897",74,283
"898",74,286
"899",74,291
"900",74,343
"901",74,362
"902",74,380
"903",74,407
"904",74,410
"905",75,104
"906",75,116
"907",75,148
"908",75,149
"909",75,182
"910",75,216
"911",75,235
"912",75,239
"913",75,270
"914",75,282
"915",75,283
"916",75,286
"917",75,291
"918",75,304
"919",75,306
"920",75,343
"921",75,362
"922",75,366
"923",75,380
"924",75,410
"925",76,99
"926",76,107
"927",76,113
"928",76,159
"929",76,166
"930",76,187
"931",76,198
"932",76,204
"933",76,252
"934",76,260
"935",76,290
"936",76,302
"937",76,304
"938",76,310
"939",76,325
"940",76,336
"941",76,356
"942",76,374
"943",76,379
"944",76,381
"945",76,383
"946",76,393
"947",76,406
"948",77,86
"949",77,103
"950",77,172
"951",77,236
"952",77,294
"953",77,317
"954",77,382
"955",78,85
"956",78,97
"957",78,105
"958",78,144
"959",78,173
"960",78,196
"961",78,233
"962",78,318
"963",78,333
"964",78,342
"965",78,349
"966",78,358
"967",78,364
"968",78,369
"969",79,119
"970",79,124
"971",79,156
"972",79,209
"973",79,211
"974",79,224
"975",79,276
"976",79,298
"977",79,334
"978",79,378
"979",80,89
"980",80,107
"981",80,123
"982",80,137
"983",80,202
"984",80,352
"985",80,379
"986",80,406
"987",81,84
"988",81,98
"989",81,111
"990",81,140
"991",81,145
"992",81,174
"993",81,195
"994",81,222
"995",81,251
"996",81,275
"997",81,278
"998",81,320
"999",82,89
"1000",82,159
"1001",82,166
"1002",82,212
"1003",82,243
"1004",82,279
"1005",82,310
"1006",82,383
"1007",82,384
"1008",82,390
"1009",83,112
"1010",83,150
"1011",83,157
"1012",83,220
"1013",83,240
"1014",83,285
"1015",83,308
"1016",83,337
"1017",83,358
"1018",84,95
"1019",84,104
"1020",84,115
"1021",84,131
"1022",84,186
"1023",84,221
"1024",84,227
"1025",84,282
"1026",84,286
"1027",84,291
"1028",84,304
"1029",84,306
"1030",84,366
"1031",84,380
"1032",84,404
"1033",85,97
"1034",85,105
"1035",85,139
"1036",85,173
"1037",85,207
"1038",85,225
"1039",85,233
"1040",85,318
"1041",85,342
"1042",85,364
"1043",85,369
"1044",86,96
"1045",86,103
"1046",86,211
"1047",86,241
"1048",86,317
"1049",86,382
"1050",87,157
"1051",87,257
"1052",87,391
"1053",88,112
"1054",88,135
"1055",88,222
"1056",88,231
"1057",88,259
"1058",88,275
"1059",88,282
"1060",88,357
"1061",89,133
"1062",89,152
"1063",89,212
"1064",89,256
"1065",89,279
"1066",89,304
"1067",89,325
"1068",89,329
"1069",89,330
"1070",89,383
"1071",89,384
"1072",89,399
"1073",90,126
"1074",90,132
"1075",90,150
"1076",90,163
"1077",90,225
"1078",90,258
"1079",90,273
"1080",90,277
"1081",90,287
"1082",90,318
"1083",90,319
"1084",90,335
"1085",90,349
"1086",90,361
"1087",90,377
"1088",90,396
"1089",90,402
"1090",91,102
"1091",91,111
"1092",91,114
"1093",91,120
"1094",91,125
"1095",91,130
"1096",91,132
"1097",91,140
"1098",91,157
"1099",91,185
"1100",91,205
"1101",91,210
"1102",91,217
"1103",91,231
"1104",91,266
"1105",91,288
"1106",91,300
"1107",91,314
"1108",91,348
"1109",91,388
"1110",91,392
"1111",91,408
"1112",92,157
"1113",92,262
"1114",92,333
"1115",92,378
"1116",92,385
"1117",92,387
"1118",92,403
"1119",93,191
"1120",93,272
"1121",93,285
"1122",93,353
"1123",94,121
"1124",94,148
"1125",94,154
"1126",94,157
"1127",94,170
"1128",94,178
"1129",94,181
"1130",94,184
"1131",94,192
"1132",94,217
"1133",94,222
"1134",94,228
"1135",94,238
"1136",94,255
"1137",94,271
"1138",94,275
"1139",94,278
"1140",94,320
"1141",94,322
"1142",94,354
"1143",94,357
"1144",94,370
"1145",94,397
"1146",95,149
"1147",95,186
"1148",95,372
"1149",96,214
"1150",96,312
"1151",96,363
"1152",97,105
"1153",97,132
"1154",97,144
"1155",97,157
"1156",97,173
"1157",97,196
"1158",97,293
"1159",97,318
"1160",97,342
"1161",97,364
"1162",98,145
"1163",98,195
"1164",98,216
"1165",98,234
"1166",98,251
"1167",98,278
"1168",98,314
"1169",98,347
"1170",98,361
"1171",99,137
"1172",99,151
"1173",99,165
"1174",99,176
"1175",99,204
"1176",99,218
"1177",99,232
"1178",99,242
"1179",99,244
"1180",99,304
"1181",99,336
"1182",99,356
"1183",99,359
"1184",100,179
"1185",100,188
"1186",100,214
"1187",100,236
"1188",100,241
"1189",100,249
"1190",100,287
"1191",100,294
"1192",100,312
"1193",100,326
"1194",100,340
"1195",100,373
"1196",100,391
"1197",101,141
"1198",101,231
"1199",101,303
"1200",102,169
"1201",102,220
"1202",102,228
"1203",102,234
"1204",102,245
"1205",102,278
"1206",102,284
"1207",102,315
"1208",102,365
"1209",103,179
"1210",103,236
"1211",103,317
"1212",103,382
"1213",104,116
"1214",104,149
"1215",104,182
"1216",104,183
"1217",104,186
"1218",104,200
"1219",104,201
"1220",104,216
"1221",104,223
"1222",104,226
"1223",104,239
"1224",104,283
"1225",104,286
"1226",104,291
"1227",104,304
"1228",104,343
"1229",104,351
"1230",104,362
"1231",104,366
"1232",104,380
"1233",104,410
"1234",105,144
"1235",105,155
"1236",105,173
"1237",105,180
"1238",105,196
"1239",105,225
"1240",105,233
"1241",105,285
"1242",105,293
"1243",105,318
"1244",105,333
"1245",105,342
"1246",105,369
"1247",106,108
"1248",106,113
"1249",106,118
"1250",106,176
"1251",106,212
"1252",106,218
"1253",106,230
"1254",106,244
"1255",106,248
"1256",106,254
"1257",106,289
"1258",106,332
"1259",106,345
"1260",106,356
"1261",106,359
"1262",106,367
"1263",106,368
"1264",106,375
"1265",107,159
"1266",107,187
"1267",107,198
"1268",107,252
"1269",107,290
"1270",107,302
"1271",107,304
"1272",107,310
"1273",107,379
"1274",107,381
"1275",107,384
"1276",107,393
"1277",108,230
"1278",108,253
"1279",108,332
"1280",108,352
"1281",108,356
"1282",108,394
"1283",109,128
"1284",109,139
"1285",109,157
"1286",109,172
"1287",109,236
"1288",109,241
"1289",109,287
"1290",109,318
"1291",109,340
"1292",109,398
"1293",110,172
"1294",110,197
"1295",110,236
"1296",110,245
"1297",110,262
"1298",110,307
"1299",111,114
"1300",111,120
"1301",111,125
"1302",111,147
"1303",111,157
"1304",111,168
"1305",111,177
"1306",111,180
"1307",111,189
"1308",111,210
"1309",111,213
"1310",111,231
"1311",111,237
"1312",111,261
"1313",111,266
"1314",111,288
"1315",111,314
"1316",111,323
"1317",111,392
"1318",111,408
"1319",112,169
"1320",112,243
"1321",112,292
"1322",112,339
"1323",112,357
"1324",113,118
"1325",113,199
"1326",113,244
"1327",113,302
"1328",113,304
"1329",113,344
"1330",114,125
"1331",114,140
"1332",114,185
"1333",114,205
"1334",114,210
"1335",114,217
"1336",114,231
"1337",114,300
"1338",114,305
"1339",114,314
"1340",114,333
"1341",114,337
"1342",114,348
"1343",114,370
"1344",114,408
"1345",115,131
"1346",115,143
"1347",115,186
"1348",115,194
"1349",115,221
"1350",115,227
"1351",115,311
"1352",115,316
"1353",116,148
"1354",116,149
"1355",116,158
"1356",116,182
"1357",116,200
"1358",116,201
"1359",116,221
"1360",116,226
"1361",116,227
"1362",116,235
"1363",116,239
"1364",116,270
"1365",116,282
"1366",116,283
"1367",116,286
"1368",116,291
"1369",116,343
"1370",116,355
"1371",116,362
"1372",116,366
"1373",116,380
"1374",116,397
"1375",116,410
"1376",117,212
"1377",117,367
"1378",117,375
"1379",118,133
"1380",118,164
"1381",118,212
"1382",118,244
"1383",118,248
"1384",118,254
"1385",118,302
"1386",118,330
"1387",118,332
"1388",118,368
"1389",118,375
"1390",119,156
"1391",119,157
"1392",119,209
"1393",119,211
"1394",120,130
"1395",120,157
"1396",120,168
"1397",120,177
"1398",120,180
"1399",120,185
"1400",120,210
"1401",120,213
"1402",120,237
"1403",120,259
"1404",120,261
"1405",120,266
"1406",120,288
"1407",120,300
"1408",120,314
"1409",120,323
"1410",121,148
"1411",121,154
"1412",121,170
"1413",121,178
"1414",121,181
"1415",121,184
"1416",121,192
"1417",121,208
"1418",121,222
"1419",121,228
"1420",121,238
"1421",121,255
"1422",121,278
"1423",121,328
"1424",121,339
"1425",121,354
"1426",121,357
"1427",121,370
"1428",121,372
"1429",122,148
"1430",122,161
"1431",122,226
"1432",122,243
"1433",122,274
"1434",122,286
"1435",122,327
"1436",122,355
"1437",122,376
"1438",122,410
"1439",123,137
"1440",123,268
"1441",123,297
"1442",123,325
"1443",123,329
"1444",123,406
"1445",124,156
"1446",124,224
"1447",124,276
"1448",124,298
"1449",124,350
"1450",124,373
"1451",124,378
"1452",125,130
"1453",125,140
"1454",125,189
"1455",125,205
"1456",125,210
"1457",125,231
"1458",125,300
"1459",125,305
"1460",125,314
"1461",125,333
"1462",125,337
"1463",125,348
"1464",125,388
"1465",125,408
"1466",126,155
"1467",126,163
"1468",126,225
"1469",126,272
"1470",126,277
"1471",126,296
"1472",126,318
"1473",126,335
"1474",126,349
"1475",126,377
"1476",127,175
"1477",127,220
"1478",127,339
"1479",127,366
"1480",127,376
"1481",127,410
"1482",128,157
"1483",128,168
"1484",128,209
"1485",128,240
"1486",128,245
"1487",128,299
"1488",128,314
"1489",128,369
"1490",129,225
"1491",129,277
"1492",129,319
"1493",129,401
"1494",130,140
"1495",130,205
"1496",130,210
"1497",130,231
"1498",130,300
"1499",130,348
"1500",130,370
"1501",130,408
"1502",131,186
"1503",131,227
"1504",132,139
"1505",132,150
"1506",132,207
"1507",132,274
"1508",132,305
"1509",132,337
"1510",132,369
"1511",132,396
"1512",132,408
"1513",133,304
"1514",133,330
"1515",133,356
"1516",133,384
"1517",134,332
"1518",134,352
"1519",134,394
"1520",135,217
"1521",135,274
"1522",135,275
"1523",135,361
"1524",136,142
"1525",136,246
"1526",136,338
"1527",136,360
"1528",136,404
"1529",137,151
"1530",137,202
"1531",137,204
"1532",137,218
"1533",137,242
"1534",137,268
"1535",137,302
"1536",137,304
"1537",137,325
"1538",137,329
"1539",137,330
"1540",137,346
"1541",137,379
"1542",137,381
"1543",137,399
"1544",137,406
"1545",138,254
"1546",139,236
"1547",139,241
"1548",139,262
"1549",139,312
"1550",139,318
"1551",139,398
"1552",140,157
"1553",140,185
"1554",140,205
"1555",140,217
"1556",140,231
"1557",140,251
"1558",140,300
"1559",140,333
"1560",140,348
"1561",140,388
"1562",140,408
"1563",141,231
"1564",141,303
"1565",142,143
"1566",142,246
"1567",142,274
"1568",142,338
"1569",142,405
"1570",143,160
"1571",143,194
"1572",143,218
"1573",143,226
"1574",143,246
"1575",143,338
"1576",144,150
"1577",144,173
"1578",144,196
"1579",144,206
"1580",144,261
"1581",144,293
"1582",144,318
"1583",144,326
"1584",144,337
"1585",144,342
"1586",144,364
"1587",144,402
"1588",145,157
"1589",145,195
"1590",145,251
"1591",146,257
"1592",146,262
"1593",146,385
"1594",147,168
"1595",147,177
"1596",147,180
"1597",147,189
"1598",147,210
"1599",147,213
"1600",147,237
"1601",147,261
"1602",147,266
"1603",147,288
"1604",147,314
"1605",147,323
"1606",147,392
"1607",148,149
"1608",148,162
"1609",148,170
"1610",148,178
"1611",148,184
"1612",148,192
"1613",148,193
"1614",148,205
"1615",148,216
"1616",148,222
"1617",148,223
"1618",148,226
"1619",148,228
"1620",148,255
"1621",148,270
"1622",148,271
"1623",148,275
"1624",148,282
"1625",148,286
"1626",148,291
"1627",148,320
"1628",148,324
"1629",148,328
"1630",148,347
"1631",148,354
"1632",148,357
"1633",148,361
"1634",148,366
"1635",148,372
"1636",148,376
"1637",148,380
"1638",148,410
"1639",149,182
"1640",149,200
"1641",149,201
"1642",149,226
"1643",149,235
"1644",149,239
"1645",149,282
"1646",149,283
"1647",149,286
"1648",149,291
"1649",149,304
"1650",149,343
"1651",149,362
"1652",149,366
"1653",149,372
"1654",149,380
"1655",149,410
"1656",150,157
"1657",150,173
"1658",150,214
"1659",150,229
"1660",150,240
"1661",150,258
"1662",150,263
"1663",150,274
"1664",150,285
"1665",150,305
"1666",150,318
"1667",150,337
"1668",150,358
"1669",150,364
"1670",150,396
"1671",150,408
"1672",151,165
"1673",151,176
"1674",151,204
"1675",151,218
"1676",151,232
"1677",151,242
"1678",151,336
"1679",151,359
"1680",152,202
"1681",152,253
"1682",152,256
"1683",152,260
"1684",152,282
"1685",152,304
"1686",152,374
"1687",152,384
"1688",152,399
"1689",153,316
"1690",153,321
"1691",154,170
"1692",154,178
"1693",154,192
"1694",154,208
"1695",154,217
"1696",154,222
"1697",154,228
"1698",154,255
"1699",154,271
"1700",154,354
"1701",154,357
"1702",154,372
"1703",155,163
"1704",155,225
"1705",155,277
"1706",155,296
"1707",155,335
"1708",155,349
"1709",155,377
"1710",156,215
"1711",156,224
"1712",156,276
"1713",156,280
"1714",156,298
"1715",156,378
"1716",156,387
"1717",157,179
"1718",157,181
"1719",157,185
"1720",157,191
"1721",157,205
"1722",157,206
"1723",157,207
"1724",157,209
"1725",157,214
"1726",157,236
"1727",157,240
"1728",157,245
"1729",157,249
"1730",157,274
"1731",157,280
"1732",157,287
"1733",157,288
"1734",157,294
"1735",157,309
"1736",157,312
"1737",157,333
"1738",157,353
"1739",157,373
"1740",157,391
"1741",157,398
"1742",158,246
"1743",158,331
"1744",159,187
"1745",159,198
"1746",159,202
"1747",159,232
"1748",159,252
"1749",159,253
"1750",159,290
"1751",159,302
"1752",159,304
"1753",159,310
"1754",159,325
"1755",159,379
"1756",159,381
"1757",159,393
"1758",160,194
"1759",160,218
"1760",161,274
"1761",161,327
"1762",161,355
"1763",162,174
"1764",162,178
"1765",162,184
"1766",162,195
"1767",162,208
"1768",162,217
"1769",162,222
"1770",162,255
"1771",162,259
"1772",162,271
"1773",162,278
"1774",162,288
"1775",162,320
"1776",162,328
"1777",162,357
"1778",162,370
"1779",162,372
"1780",163,188
"1781",163,225
"1782",163,236
"1783",163,273
"1784",163,277
"1785",163,318
"1786",163,319
"1787",163,335
"1788",163,337
"1789",163,349
"1790",163,361
"1791",163,377
"1792",163,398
"1793",164,254
"1794",164,394
"1795",165,176
"1796",165,204
"1797",165,218
"1798",165,232
"1799",165,242
"1800",165,336
"1801",165,356
"1802",165,359
"1803",166,202
"1804",166,218
"1805",166,243
"1806",166,253
"1807",166,310
"1808",166,325
"1809",166,383
"1810",166,390
"1811",167,211
"1812",167,214
"1813",167,262
"1814",167,307
"1815",167,409
"1816",168,177
"1817",168,180
"1818",168,189
"1819",168,210
"1820",168,213
"1821",168,237
"1822",168,261
"1823",168,266
"1824",168,288
"1825",168,314
"1826",168,323
"1827",168,392
"1828",169,220
"1829",169,234
"1830",169,243
"1831",169,275
"1832",169,284
"1833",169,315
"1834",169,365
"1835",169,376
"1836",170,178
"1837",170,192
"1838",170,255
"1839",170,354
"1840",170,357
"1841",171,301
"1842",171,307
"1843",172,197
"1844",172,229
"1845",172,241
"1846",172,262
"1847",172,280
"1848",172,287
"1849",172,307
"1850",172,312
"1851",172,326
"1852",173,233
"1853",173,240
"1854",173,251
"1855",173,259
"1856",173,285
"1857",173,293
"1858",173,318
"1859",173,335
"1860",173,337
"1861",173,342
"1862",173,353
"1863",173,364
"1864",174,238
"1865",174,274
"1866",174,284
"1867",174,292
"1868",174,305
"1869",174,314
"1870",174,315
"1871",174,370
"1872",176,204
"1873",176,218
"1874",176,232
"1875",176,242
"1876",176,253
"1877",176,336
"1878",176,359
"1879",176,367
"1880",176,375
"1881",177,180
"1882",177,210
"1883",177,213
"1884",177,237
"1885",177,261
"1886",177,266
"1887",177,314
"1888",177,386
"1889",177,392
"1890",178,184
"1891",178,192
"1892",178,208
"1893",178,217
"1894",178,222
"1895",178,228
"1896",178,234
"1897",178,255
"1898",178,271
"1899",178,275
"1900",178,328
"1901",178,357
"1902",178,370
"1903",178,372
"1904",179,188
"1905",179,211
"1906",179,236
"1907",179,262
"1908",179,280
"1909",179,287
"1910",179,294
"1911",179,333
"1912",179,373
"1913",179,391
"1914",179,398
"1915",180,189
"1916",180,210
"1917",180,213
"1918",180,237
"1919",180,261
"1920",180,266
"1921",180,314
"1922",180,323
"1923",180,386
"1924",180,392
"1925",181,220
"1926",181,238
"1927",181,297
"1928",181,305
"1929",181,376
"1930",182,183
"1931",182,193
"1932",182,200
"1933",182,201
"1934",182,223
"1935",182,235
"1936",182,239
"1937",182,270
"1938",182,283
"1939",182,286
"1940",182,291
"1941",182,343
"1942",182,362
"1943",182,366
"1944",182,380
"1945",182,410
"1946",183,193
"1947",183,216
"1948",183,223
"1949",183,226
"1950",183,239
"1951",183,270
"1952",183,282
"1953",183,286
"1954",183,291
"1955",183,366
"1956",183,372
"1957",183,410
"1958",184,192
"1959",184,208
"1960",184,217
"1961",184,228
"1962",184,255
"1963",184,271
"1964",184,320
"1965",184,328
"1966",184,354
"1967",184,357
"1968",184,372
"1969",185,205
"1970",185,210
"1971",185,231
"1972",185,300
"1973",185,314
"1974",185,333
"1975",185,348
"1976",185,388
"1977",185,408
"1978",186,221
"1979",186,227
"1980",186,282
"1981",186,286
"1982",186,304
"1983",186,306
"1984",186,316
"1985",186,404
"1986",187,198
"1987",187,252
"1988",187,290
"1989",187,302
"1990",187,304
"1991",187,310
"1992",187,379
"1993",187,381
"1994",187,383
"1995",187,384
"1996",187,393
"1997",188,236
"1998",188,249
"1999",188,262
"2000",188,319
"2001",189,205
"2002",189,210
"2003",189,222
"2004",189,237
"2005",189,261
"2006",189,288
"2007",189,300
"2008",189,314
"2009",189,323
"2010",189,348
"2011",189,392
"2012",190,264
"2013",191,258
"2014",191,259
"2015",191,281
"2016",191,285
"2017",191,293
"2018",191,319
"2019",191,333
"2020",191,353
"2021",191,361
"2022",191,369
"2023",192,208
"2024",192,217
"2025",192,222
"2026",192,228
"2027",192,243
"2028",192,255
"2029",192,271
"2030",192,284
"2031",192,292
"2032",192,297
"2033",192,320
"2034",192,328
"2035",192,339
"2036",192,354
"2037",192,357
"2038",192,372
"2039",193,200
"2040",193,216
"2041",193,223
"2042",193,226
"2043",193,235
"2044",193,239
"2045",193,246
"2046",193,270
"2047",193,274
"2048",193,275
"2049",193,282
"2050",193,286
"2051",193,291
"2052",193,304
"2053",193,306
"2054",193,343
"2055",193,366
"2056",193,372
"2057",193,380
"2058",193,397
"2059",193,404
"2060",194,267
"2061",194,316
"2062",194,351
"2063",194,404
"2064",195,217
"2065",195,251
"2066",195,275
"2067",195,347
"2068",196,293
"2069",196,318
"2070",197,245
"2071",197,307
"2072",197,317
"2073",197,386
"2074",198,252
"2075",198,302
"2076",198,304
"2077",198,310
"2078",198,325
"2079",198,379
"2080",198,381
"2081",199,302
"2082",199,344
"2083",200,201
"2084",200,226
"2085",200,239
"2086",200,267
"2087",200,270
"2088",200,274
"2089",200,286
"2090",200,291
"2091",200,362
"2092",200,366
"2093",200,380
"2094",200,410
"2095",201,216
"2096",201,223
"2097",201,235
"2098",201,239
"2099",201,283
"2100",201,286
"2101",201,291
"2102",201,304
"2103",201,306
"2104",201,343
"2105",201,362
"2106",201,380
"2107",201,410
"2108",202,346
"2109",203,409
"2110",204,218
"2111",204,232
"2112",204,242
"2113",204,325
"2114",204,336
"2115",204,359
"2116",205,210
"2117",205,231
"2118",205,288
"2119",205,300
"2120",205,305
"2121",205,314
"2122",205,333
"2123",205,348
"2124",205,408
"2125",206,229
"2126",206,240
"2127",206,258
"2128",206,281
"2129",206,285
"2130",206,293
"2131",206,318
"2132",206,319
"2133",206,326
"2134",206,333
"2135",206,342
"2136",206,353
"2137",206,361
"2138",206,369
"2139",206,371
"2140",207,296
"2141",207,333
"2142",207,342
"2143",208,217
"2144",208,222
"2145",208,228
"2146",208,255
"2147",208,271
"2148",208,278
"2149",208,320
"2150",208,357
"2151",208,365
"2152",208,370
"2153",208,372
"2154",209,211
"2155",209,262
"2156",210,213
"2157",210,217
"2158",210,231
"2159",210,237
"2160",210,261
"2161",210,266
"2162",210,274
"2163",210,288
"2164",210,300
"2165",210,305
"2166",210,314
"2167",210,323
"2168",210,348
"2169",210,392
"2170",210,408
"2171",212,243
"2172",212,244
"2173",212,256
"2174",212,260
"2175",212,268
"2176",212,310
"2177",212,332
"2178",212,356
"2179",212,375
"2180",213,237
"2181",213,261
"2182",213,266
"2183",213,288
"2184",213,314
"2185",213,323
"2186",213,386
"2187",213,408
"2188",214,294
"2189",214,337
"2190",215,295
"2191",216,223
"2192",216,226
"2193",216,235
"2194",216,270
"2195",216,274
"2196",216,282
"2197",216,286
"2198",216,291
"2199",216,343
"2200",216,362
"2201",216,366
"2202",216,372
"2203",216,380
"2204",216,397
"2205",216,410
"2206",217,222
"2207",217,228
"2208",217,243
"2209",217,266
"2210",217,271
"2211",217,278
"2212",217,284
"2213",217,288
"2214",217,292
"2215",217,303
"2216",217,320
"2217",217,357
"2218",217,370
"2219",217,372
"2220",218,232
"2221",218,239
"2222",218,242
"2223",218,253
"2224",218,304
"2225",218,336
"2226",218,359
"2227",218,404
"2228",220,234
"2229",220,284
"2230",220,315
"2231",220,365
"2232",221,227
"2233",221,306
"2234",221,404
"2235",222,228
"2236",222,251
"2237",222,255
"2238",222,271
"2239",222,278
"2240",222,292
"2241",222,297
"2242",222,320
"2243",222,370
"2244",222,372
"2245",223,226
"2246",223,243
"2247",223,270
"2248",223,282
"2249",223,283
"2250",223,286
"2251",223,291
"2252",223,343
"2253",223,362
"2254",223,366
"2255",223,372
"2256",223,397
"2257",223,410
"2258",224,276
"2259",224,298
"2260",224,378
"2261",225,263
"2262",225,273
"2263",225,277
"2264",225,296
"2265",225,318
"2266",225,335
"2267",225,337
"2268",225,349
"2269",225,377
"2270",225,401
"2271",225,402
"2272",226,235
"2273",226,239
"2274",226,270
"2275",226,282
"2276",226,291
"2277",226,313
"2278",226,355
"2279",226,362
"2280",226,366
"2281",226,372
"2282",226,380
"2283",226,397
"2284",226,410
"2285",227,304
"2286",227,306
"2287",227,362
"2288",227,404
"2289",228,255
"2290",228,271
"2291",228,297
"2292",228,315
"2293",228,328
"2294",228,354
"2295",228,357
"2296",228,365
"2297",229,236
"2298",229,307
"2299",229,326
"2300",229,337
"2301",230,253
"2302",230,254
"2303",230,332
"2304",230,394
"2305",231,266
"2306",231,300
"2307",231,303
"2308",231,305
"2309",231,333
"2310",231,348
"2311",231,357
"2312",231,388
"2313",231,408
"2314",232,242
"2315",232,304
"2316",232,336
"2317",232,359
"2318",232,406
"2319",233,293
"2320",233,305
"2321",233,315
"2322",233,318
"2323",233,337
"2324",233,342
"2325",233,364
"2326",234,275
"2327",234,284
"2328",234,305
"2329",234,314
"2330",234,315
"2331",234,365
"2332",235,239
"2333",235,282
"2334",235,283
"2335",235,286
"2336",235,291
"2337",235,343
"2338",235,351
"2339",235,362
"2340",235,366
"2341",235,380
"2342",235,397
"2343",235,410
"2344",236,245
"2345",236,249
"2346",236,257
"2347",236,262
"2348",236,287
"2349",236,319
"2350",236,326
"2351",236,398
"2352",237,261
"2353",237,266
"2354",237,288
"2355",237,314
"2356",237,323
"2357",237,386
"2358",238,243
"2359",238,266
"2360",238,297
"2361",238,300
"2362",238,305
"2363",239,274
"2364",239,282
"2365",239,283
"2366",239,286
"2367",239,291
"2368",239,343
"2369",239,362
"2370",239,380
"2371",239,410
"2372",240,318
"2373",240,333
"2374",240,337
"2375",240,358
"2376",241,312
"2377",241,319
"2378",241,340
"2379",241,377
"2380",241,382
"2381",241,398
"2382",242,244
"2383",242,304
"2384",242,336
"2385",242,359
"2386",243,255
"2387",243,274
"2388",243,279
"2389",243,284
"2390",243,297
"2391",243,304
"2392",243,328
"2393",243,354
"2394",243,376
"2395",243,390
"2396",243,399
"2397",244,356
"2398",245,284
"2399",245,299
"2400",245,315
"2401",245,348
"2402",246,306
"2403",246,338
"2404",246,360
"2405",246,372
"2406",246,405
"2407",247,307
"2408",249,262
"2409",249,287
"2410",250,262
"2411",251,275
"2412",251,278
"2413",251,314
"2414",251,347
"2415",251,370
"2416",252,290
"2417",252,302
"2418",252,304
"2419",252,310
"2420",252,379
"2421",252,381
"2422",253,304
"2423",253,352
"2424",253,359
"2425",253,367
"2426",253,374
"2427",253,395
"2428",254,332
"2429",254,356
"2430",255,271
"2431",255,328
"2432",255,354
"2433",255,357
"2434",255,370
"2435",256,260
"2436",256,279
"2437",256,304
"2438",257,262
"2439",257,312
"2440",257,385
"2441",258,285
"2442",258,386
"2443",258,391
"2444",258,398
"2445",259,261
"2446",259,274
"2447",259,300
"2448",259,353
"2449",259,371
"2450",260,379
"2451",261,266
"2452",261,288
"2453",261,305
"2454",261,314
"2455",261,358
"2456",261,392
"2457",262,398
"2458",263,335
"2459",263,402
"2460",265,312
"2461",265,333
"2462",266,288
"2463",266,314
"2464",266,318
"2465",266,323
"2466",266,408
"2467",267,343
"2468",267,351
"2469",267,404
"2470",268,325
"2471",268,329
"2472",268,346
"2473",268,406
"2474",270,282
"2475",270,283
"2476",270,291
"2477",270,343
"2478",270,362
"2479",270,366
"2480",270,372
"2481",270,397
"2482",271,278
"2483",271,320
"2484",271,357
"2485",271,370
"2486",271,372
"2487",271,397
"2488",272,281
"2489",272,285
"2490",272,293
"2491",272,369
"2492",272,371
"2493",273,277
"2494",273,296
"2495",273,349
"2496",273,377
"2497",273,402
"2498",274,282
"2499",274,283
"2500",274,304
"2501",274,306
"2502",274,314
"2503",274,333
"2504",274,337
"2505",274,400
"2506",274,404
"2507",275,347
"2508",276,298
"2509",276,378
"2510",276,387
"2511",277,318
"2512",277,319
"2513",277,342
"2514",277,349
"2515",277,402
"2516",278,320
"2517",278,357
"2518",278,365
"2519",278,370
"2520",278,372
"2521",279,325
"2522",279,384
"2523",279,390
"2524",279,399
"2525",280,373
"2526",281,369
"2527",281,371
"2528",282,283
"2529",282,286
"2530",282,291
"2531",282,321
"2532",282,360
"2533",282,362
"2534",282,366
"2535",282,372
"2536",282,380
"2537",282,397
"2538",282,404
"2539",282,410
"2540",283,286
"2541",283,291
"2542",283,311
"2543",283,343
"2544",283,362
"2545",283,372
"2546",283,380
"2547",283,410
"2548",284,292
"2549",284,315
"2550",284,347
"2551",284,365
"2552",284,370
"2553",284,372
"2554",285,293
"2555",285,353
"2556",285,369
"2557",285,386
"2558",286,291
"2559",286,311
"2560",286,343
"2561",286,355
"2562",286,362
"2563",286,366
"2564",286,372
"2565",286,380
"2566",286,410
"2567",287,335
"2568",287,391
"2569",288,300
"2570",288,305
"2571",288,314
"2572",288,323
"2573",288,333
"2574",288,369
"2575",288,392
"2576",288,408
"2577",290,302
"2578",290,304
"2579",290,310
"2580",290,379
"2581",290,381
"2582",290,384
"2583",290,393
"2584",291,343
"2585",291,362
"2586",291,372
"2587",291,380
"2588",291,410
"2589",292,305
"2590",292,314
"2591",292,315
"2592",292,361
"2593",292,372
"2594",292,376
"2595",293,318
"2596",293,319
"2597",293,342
"2598",293,364
"2599",296,335
"2600",296,349
"2601",296,377
"2602",296,402
"2603",297,304
"2604",297,305
"2605",297,316
"2606",297,321
"2607",297,328
"2608",297,354
"2609",297,399
"2610",298,378
"2611",298,389
"2612",299,409
"2613",300,305
"2614",300,314
"2615",300,333
"2616",300,348
"2617",300,408
"2618",301,307
"2619",302,304
"2620",302,310
"2621",302,325
"2622",302,344
"2623",302,356
"2624",302,375
"2625",302,379
"2626",302,381
"2627",302,393
"2628",302,395
"2629",302,406
"2630",303,357
"2631",304,310
"2632",304,311
"2633",304,313
"2634",304,316
"2635",304,321
"2636",304,325
"2637",304,336
"2638",304,374
"2639",304,379
"2640",304,381
"2641",304,399
"2642",304,406
"2643",304,410
"2644",305,326
"2645",305,333
"2646",305,337
"2647",305,348
"2648",305,408
"2649",306,311
"2650",306,360
"2651",306,362
"2652",306,404
"2653",307,319
"2654",307,373
"2655",307,409
"2656",309,333
"2657",309,334
"2658",309,340
"2659",309,389
"2660",310,374
"2661",310,379
"2662",310,381
"2663",310,384
"2664",310,393
"2665",310,406
"2666",312,333
"2667",313,407
"2668",314,318
"2669",314,323
"2670",314,361
"2671",314,386
"2672",314,392
"2673",315,365
"2674",316,321
"2675",317,382
"2676",318,335
"2677",318,337
"2678",318,342
"2679",318,364
"2680",318,402
"2681",319,398
"2682",319,401
"2683",320,370
"2684",321,351
"2685",323,386
"2686",325,329
"2687",325,330
"2688",325,346
"2689",325,406
"2690",326,333
"2691",326,337
"2692",327,355
"2693",328,354
"2694",328,357
"2695",328,372
"2696",329,399
"2697",329,406
"2698",330,336
"2699",332,368
"2700",332,375
"2701",333,340
"2702",333,373
"2703",333,403
"2704",333,408
"2705",334,378
"2706",334,389
"2707",335,349
"2708",335,377
"2709",335,402
"2710",336,359
"2711",336,374
"2712",337,396
"2713",338,360
"2714",339,347
"2715",339,365
"2716",339,366
"2717",340,389
"2718",340,391
"2719",340,402
"2720",341,376
"2721",342,364
"2722",342,369
"2723",343,362
"2724",343,366
"2725",343,380
"2726",343,410
"2727",346,406
"2728",347,365
"2729",348,388
"2730",348,408
"2731",351,362
"2732",351,404
"2733",351,410
"2734",352,367
"2735",353,386
"2736",354,361
"2737",355,376
"2738",356,395
"2739",358,386
"2740",361,369
"2741",362,380
"2742",362,410
"2743",366,372
"2744",366,380
"2745",366,397
"2746",368,375
"2747",369,396
"2748",370,372
"2749",370,388
"2750",372,397
"2751",373,378
"2752",373,409
"2753",374,381
"2754",378,387
"2755",378,389
"2756",379,381
"2757",379,393
"2758",380,410
"2759",381,383
"2760",383,390
"2761",384,399
"2762",386,391
"2763",386,398
"2764",392,408
